[
  {
    "id": "mamak-sydney-2",
    "name": "Mamak",
    "image_url": "https://s3-media2.fl.yelpcdn.com/bphoto/z_xqw49R7xFufIAN4QVo6w/o.jpg",
    "is_closed": false,
    "url": "https://www.yelp.com/biz/mamak-sydney-2?adjust_creative=AsvNZS_kHoI-0lKr_PWOmA&utm_campaign=yelp_api_v3&utm_medium=api_v3_business_search&utm_source=AsvNZS_kHoI-0lKr_PWOmA",
    "review_count": 214,
    "categories": [
      {
        "alias": "malaysian",
        "title": "Malaysian"
      }
    ],
    "rating": 4.5,
    "coordinates": {
      "latitude": -33.877862,
      "longitude": 151.204231
    },
    "transactions": [],
    "price": "$$",
    "location": {
      "address1": "15 Goulburn St",
      "address2": "Haymarket",
      "address3": "",
      "city": "Sydney",
      "zip_code": "2000",
      "country": "AU",
      "state": "NSW",
      "display_address": [
        "15 Goulburn St",
        "Haymarket",
        "Sydney New South Wales 2000",
        "Australia"
      ]
    },
    "phone": "+61292111668",
    "display_phone": "+61 2 9211 1668",
    "distance": 795.271615334
  },
  {
    "id": "tetsuyas-restaurant-sydney",
    "name": "Tetsuya's Restaurant",
    "image_url": "https://s3-media3.fl.yelpcdn.com/bphoto/7vP1JrD-iiHc1yvThrHYnA/o.jpg",
    "is_closed": false,
    "url": "https://www.yelp.com/biz/tetsuyas-restaurant-sydney?adjust_creative=AsvNZS_kHoI-0lKr_PWOmA&utm_campaign=yelp_api_v3&utm_medium=api_v3_business_search&utm_source=AsvNZS_kHoI-0lKr_PWOmA",
    "review_count": 54,
    "categories": [
      {
        "alias": "seafood",
        "title": "Seafood"
      },
      {
        "alias": "asianfusion",
        "title": "Asian Fusion"
      }
    ],
    "rating": 4.5,
    "coordinates": {
      "latitude": -33.87517,
      "longitude": 151.20502
    },
    "transactions": [],
    "price": "$$$$",
    "location": {
      "address1": "529 Kent St",
      "address2": null,
      "address3": null,
      "city": "Sydney",
      "zip_code": "2000",
      "country": "AU",
      "state": "NSW",
      "display_address": [
        "529 Kent St",
        "Sydney New South Wales 2000",
        "Australia"
      ]
    },
    "phone": "+61292672900",
    "display_phone": "+61 2 9267 2900",
    "distance": 742.7278552455999
  },
  {
    "id": "mr-wong-sydney",
    "name": "Mr Wong",
    "image_url": "https://s3-media4.fl.yelpcdn.com/bphoto/PnKNq3R9QcuMJIcbkrz6rQ/o.jpg",
    "is_closed": false,
    "url": "https://www.yelp.com/biz/mr-wong-sydney?adjust_creative=AsvNZS_kHoI-0lKr_PWOmA&utm_campaign=yelp_api_v3&utm_medium=api_v3_business_search&utm_source=AsvNZS_kHoI-0lKr_PWOmA",
    "review_count": 164,
    "categories": [
      {
        "alias": "asianfusion",
        "title": "Asian Fusion"
      },
      {
        "alias": "dimsum",
        "title": "Dim Sum"
      },
      {
        "alias": "cantonese",
        "title": "Cantonese"
      }
    ],
    "rating": 4,
    "coordinates": {
      "latitude": -33.8640594482422,
      "longitude": 151.208389282227
    },
    "transactions": [],
    "price": "$$$",
    "location": {
      "address1": "3 Bridge Lane",
      "address2": null,
      "address3": "",
      "city": "Sydney",
      "zip_code": "2000",
      "country": "AU",
      "state": "NSW",
      "display_address": [
        "3 Bridge Lane",
        "Sydney New South Wales 2000",
        "Australia"
      ]
    },
    "phone": "+61292403000",
    "display_phone": "+61 2 9240 3000",
    "distance": 1413.1584445342
  },
  {
    "id": "the-rook-sydney",
    "name": "The Rook",
    "image_url": "https://s3-media1.fl.yelpcdn.com/bphoto/XkqVDeolbmSe-78fsGU99A/o.jpg",
    "is_closed": false,
    "url": "https://www.yelp.com/biz/the-rook-sydney?adjust_creative=AsvNZS_kHoI-0lKr_PWOmA&utm_campaign=yelp_api_v3&utm_medium=api_v3_business_search&utm_source=AsvNZS_kHoI-0lKr_PWOmA",
    "review_count": 68,
    "categories": [
      {
        "alias": "bars",
        "title": "Bars"
      },
      {
        "alias": "burgers",
        "title": "Burgers"
      },
      {
        "alias": "seafood",
        "title": "Seafood"
      }
    ],
    "rating": 4,
    "coordinates": {
      "latitude": -33.86982,
      "longitude": 151.206436
    },
    "transactions": [],
    "price": "$$",
    "location": {
      "address1": "Level 7",
      "address2": "56-58 York St",
      "address3": "",
      "city": "Sydney",
      "zip_code": "2000",
      "country": "AU",
      "state": "NSW",
      "display_address": [
        "Level 7",
        "56-58 York St",
        "Sydney New South Wales 2000",
        "Australia"
      ]
    },
    "phone": "+61292622505",
    "display_phone": "+61 2 9262 2505",
    "distance": 896.7571750964
  },
  {
    "id": "din-tai-fung-sydney-5",
    "name": "Din Tai Fung",
    "image_url": "https://s3-media3.fl.yelpcdn.com/bphoto/iLiIC0dpr9BGum6c4R7KzA/o.jpg",
    "is_closed": false,
    "url": "https://www.yelp.com/biz/din-tai-fung-sydney-5?adjust_creative=AsvNZS_kHoI-0lKr_PWOmA&utm_campaign=yelp_api_v3&utm_medium=api_v3_business_search&utm_source=AsvNZS_kHoI-0lKr_PWOmA",
    "review_count": 225,
    "categories": [
      {
        "alias": "dimsum",
        "title": "Dim Sum"
      },
      {
        "alias": "taiwanese",
        "title": "Taiwanese"
      },
      {
        "alias": "shanghainese",
        "title": "Shanghainese"
      }
    ],
    "rating": 4,
    "coordinates": {
      "latitude": -33.8776765,
      "longitude": 151.2070967
    },
    "transactions": [],
    "price": "$$",
    "location": {
      "address1": "Shop 11.04, Level 1",
      "address2": "644 George St",
      "address3": null,
      "city": "Sydney",
      "zip_code": "2000",
      "country": "AU",
      "state": "NSW",
      "display_address": [
        "Shop 11.04, Level 1",
        "644 George St",
        "Sydney New South Wales 2000",
        "Australia"
      ]
    },
    "phone": "+61292646010",
    "display_phone": "+61 2 9264 6010",
    "distance": 1002.2423953739999
  },
  {
    "id": "rockpool-bar-and-grill-sydney",
    "name": "Rockpool Bar & Grill",
    "image_url": "https://s3-media1.fl.yelpcdn.com/bphoto/IYauXI0YN_oVyRqbwikm9w/o.jpg",
    "is_closed": false,
    "url": "https://www.yelp.com/biz/rockpool-bar-and-grill-sydney?adjust_creative=AsvNZS_kHoI-0lKr_PWOmA&utm_campaign=yelp_api_v3&utm_medium=api_v3_business_search&utm_source=AsvNZS_kHoI-0lKr_PWOmA",
    "review_count": 108,
    "categories": [
      {
        "alias": "bars",
        "title": "Bars"
      },
      {
        "alias": "australian",
        "title": "Australian"
      },
      {
        "alias": "modern_australian",
        "title": "Modern Australian"
      }
    ],
    "rating": 4,
    "coordinates": {
      "latitude": -33.866039,
      "longitude": 151.210525
    },
    "transactions": [
      "restaurant_reservation"
    ],
    "price": "$$$$",
    "location": {
      "address1": "66 Hunter St",
      "address2": "",
      "address3": "",
      "city": "Sydney",
      "zip_code": "2000",
      "country": "AU",
      "state": "NSW",
      "display_address": [
        "66 Hunter St",
        "Sydney New South Wales 2000",
        "Australia"
      ]
    },
    "phone": "+61280781900",
    "display_phone": "+61 2 8078 1900",
    "distance": 1425.6930627119998
  },
  {
    "id": "happy-chef-seafood-and-noodles-restaurant-sydney-2",
    "name": "Happy Chef Seafood & Noodles Restaurant",
    "image_url": "https://s3-media4.fl.yelpcdn.com/bphoto/MWhHwQyIu1OtBGnNGOeDlw/o.jpg",
    "is_closed": false,
    "url": "https://www.yelp.com/biz/happy-chef-seafood-and-noodles-restaurant-sydney-2?adjust_creative=AsvNZS_kHoI-0lKr_PWOmA&utm_campaign=yelp_api_v3&utm_medium=api_v3_business_search&utm_source=AsvNZS_kHoI-0lKr_PWOmA",
    "review_count": 29,
    "categories": [
      {
        "alias": "chinese",
        "title": "Chinese"
      },
      {
        "alias": "seafood",
        "title": "Seafood"
      },
      {
        "alias": "noodles",
        "title": "Noodles"
      }
    ],
    "rating": 4.5,
    "coordinates": {
      "latitude": -33.87835,
      "longitude": 151.2044699
    },
    "transactions": [],
    "price": "$",
    "location": {
      "address1": "Shop F3",
      "address2": "401 Sussex St",
      "address3": null,
      "city": "Sydney",
      "zip_code": "2000",
      "country": "AU",
      "state": "NSW",
      "display_address": [
        "Shop F3",
        "401 Sussex St",
        "Sydney New South Wales 2000",
        "Australia"
      ]
    },
    "phone": "+61292815832",
    "display_phone": "+61 2 9281 5832",
    "distance": 833.403639162
  },
  {
    "id": "hunter-and-barrel-sydney",
    "name": "Hunter & Barrel",
    "image_url": "https://s3-media4.fl.yelpcdn.com/bphoto/7Cr_rVpXxSq_q2yBXfUq9g/o.jpg",
    "is_closed": false,
    "url": "https://www.yelp.com/biz/hunter-and-barrel-sydney?adjust_creative=AsvNZS_kHoI-0lKr_PWOmA&utm_campaign=yelp_api_v3&utm_medium=api_v3_business_search&utm_source=AsvNZS_kHoI-0lKr_PWOmA",
    "review_count": 15,
    "categories": [
      {
        "alias": "australian",
        "title": "Australian"
      }
    ],
    "rating": 4.5,
    "coordinates": {
      "latitude": -33.8718126222257,
      "longitude": 151.202546591549
    },
    "transactions": [],
    "price": "$$$",
    "location": {
      "address1": "Tenancy 303",
      "address2": "Cockle Bay Wharf",
      "address3": "",
      "city": "Sydney",
      "zip_code": "2000",
      "country": "AU",
      "state": "NSW",
      "display_address": [
        "Tenancy 303",
        "Cockle Bay Wharf",
        "Sydney New South Wales 2000",
        "Australia"
      ]
    },
    "phone": "+61292649888",
    "display_phone": "+61 2 9264 9888",
    "distance": 481.2572589076
  },
  {
    "id": "fish-at-the-rocks-sydney",
    "name": "Fish At The Rocks",
    "image_url": "https://s3-media2.fl.yelpcdn.com/bphoto/UEWY03Kc3AHwqF7XhKxWiQ/o.jpg",
    "is_closed": false,
    "url": "https://www.yelp.com/biz/fish-at-the-rocks-sydney?adjust_creative=AsvNZS_kHoI-0lKr_PWOmA&utm_campaign=yelp_api_v3&utm_medium=api_v3_business_search&utm_source=AsvNZS_kHoI-0lKr_PWOmA",
    "review_count": 26,
    "categories": [
      {
        "alias": "seafood",
        "title": "Seafood"
      }
    ],
    "rating": 4.5,
    "coordinates": {
      "latitude": -33.85859,
      "longitude": 151.2033099
    },
    "transactions": [],
    "price": "$$$",
    "location": {
      "address1": "29 Kent St",
      "address2": null,
      "address3": null,
      "city": "Sydney",
      "zip_code": "2000",
      "country": "AU",
      "state": "NSW",
      "display_address": [
        "29 Kent St",
        "Sydney New South Wales 2000",
        "Australia"
      ]
    },
    "phone": "+61292524614",
    "display_phone": "+61 2 9252 4614",
    "distance": 1705.6155468199997
  },
  {
    "id": "oiden-sydney",
    "name": "Oiden",
    "image_url": "https://s3-media1.fl.yelpcdn.com/bphoto/sR_xzaLiRM_9YZSNXqXTjg/o.jpg",
    "is_closed": false,
    "url": "https://www.yelp.com/biz/oiden-sydney?adjust_creative=AsvNZS_kHoI-0lKr_PWOmA&utm_campaign=yelp_api_v3&utm_medium=api_v3_business_search&utm_source=AsvNZS_kHoI-0lKr_PWOmA",
    "review_count": 35,
    "categories": [
      {
        "alias": "japanese",
        "title": "Japanese"
      }
    ],
    "rating": 4.5,
    "coordinates": {
      "latitude": -33.8757706,
      "longitude": 151.2061157
    },
    "transactions": [],
    "price": "$",
    "location": {
      "address1": "Shop 12",
      "address2": "537-551 George St",
      "address3": "",
      "city": "Sydney",
      "zip_code": "2000",
      "country": "AU",
      "state": "NSW",
      "display_address": [
        "Shop 12",
        "537-551 George St",
        "Sydney New South Wales 2000",
        "Australia"
      ]
    },
    "phone": "+61292671368",
    "display_phone": "+61 2 9267 1368",
    "distance": 831.434450738
  }
]
